acc_ave,acc_var,dec_ave,dec_var
0.08619958022907448,0.0013608796567173226,-0.09433977063822799,0.0022667036439750344
