spd_bin,lcl_sec1_acc_ave,lcl_sec1_acc_var,lcl_sec1_dec_ave,lcl_sec1_dec_var,lcl_sec1_lat_lt_ave,lcl_sec1_lat_lt_var,lcl_sec1_lat_rt_ave,lcl_sec1_lat_rt_var,lcl_sec2_acc_ave,lcl_sec2_acc_var,lcl_sec2_dec_ave,lcl_sec2_dec_var,lcl_sec2_lat_lt_ave,lcl_sec2_lat_lt_var,lcl_sec2_lat_rt_ave,lcl_sec2_lat_rt_var
0-15,0.02331821448914158,0.0002547867084795146,-0.018466370148036315,0.00017976930882956097,0.016053748615878032,0.00012253316089895643,-0.013738400960334417,0.00011212367910223896,0.0213944663498625,0.00019933876741534887,-0.022080435269817282,0.00028609384960381743,0.01070598940311,5.8556361262928026e-05,-0.017174676948676502,0.00020898705240829168
15-25,0.02565105918164637,0.00022026782900545295,-0.027974285737782916,0.00029814988168438424,0.02280757935110078,0.00021626381901328608,-0.020841515652616372,0.00023547558611829977,0.023879787003393313,0.0002009797778435643,-0.036531635790315105,0.00035130897326967437,0.019496897561746385,0.00010518209068915407,-0.0242318444261664,0.0001937173043726747
25-35,0.02334251246586355,0.00017829419151442746,-0.04319552575740935,0.00039599610370330513,0.03254722378686536,0.00036883299299432737,-0.021184577604577638,0.00020160795739252018,0.022014282274619067,0.00018640535445251896,-0.030683683821605624,0.00030390282553748943,0.019450653160146988,0.00015445676702865405,-0.035514256820122415,0.0003584270491798017
35-45,0.01876270737745555,0.00011285646397199051,-0.022542824585432737,0.0001615353074465859,0.017142139815973168,0.00012925678086811977,-0.02591438374894691,0.00021952725392588475,0.009513244771402645,5.5407791693083676e-05,-0.03151049124689335,0.00029031500858914044,0.013356321345560088,9.056652031895004e-05,-0.0229613844394902,0.00016985833990060462
45+,0.012435354233586231,8.440087426886128e-05,-0.020017710718104965,0.00012147001651109879,0.04850153965855914,0.0004690679917718519,-0.04216521827386223,0.0007792200287680415,0.030418343352339287,0.0003482457815672023,-0.02593358060836529,0.000151688660597226,0.041566610933691704,0.0008852338893519321,-0.04677829979619305,0.0006602417097752801
