spd_bin,lcr_sec1_acc_ave,lcr_sec1_acc_var,lcr_sec1_dec_ave,lcr_sec1_dec_var,lcr_sec1_lat_lt_ave,lcr_sec1_lat_lt_var,lcr_sec1_lat_rt_ave,lcr_sec1_lat_rt_var,lcr_sec2_acc_ave,lcr_sec2_acc_var,lcr_sec2_dec_ave,lcr_sec2_dec_var,lcr_sec2_lat_lt_ave,lcr_sec2_lat_lt_var,lcr_sec2_lat_rt_ave,lcr_sec2_lat_rt_var
0-15,0.019388843976509598,0.00017944445396376893,-0.018720158240228487,0.00022946022566694963,0.012296654658534398,8.337004221744776e-05,-0.014385157683955386,0.00014393691869498654,0.02025101595461618,0.00024241677170944777,-0.020088478876297885,0.0002196750064441256,0.013450716435040748,9.55095212996869e-05,-0.011798787959392236,0.00013805207213338404
15-25,0.0327277214721448,0.0003210678747657847,-0.026387731251506365,0.0003365884163317757,0.0164095225465731,9.927741337983205e-05,-0.027955284217627874,0.0003484952609543368,0.024631072478520102,0.00020195477174938945,-0.03042236659067731,0.00040083073349162776,0.023199498645137234,0.0001777352337374388,-0.0157598399078562,0.00015203004600442953
25-35,0.021665844306303854,0.0001895232475114982,-0.025097974009234393,0.00018686829805271825,0.018967930399498605,0.0001241726231224392,-0.03002536578039072,0.000262616127952714,0.020606226980882963,0.0003874447250427691,-0.030891058283338862,0.0003892858054147546,0.02608308890462757,0.00019528136915123148,-0.016560177822393236,0.0001854211111406352
35-45,0.023578348647672175,0.00019980430782643864,-0.025664480890906997,0.0001729484574919174,0.01818018942126897,0.00013898569513708743,-0.02936092015279021,0.0002572571548822333,0.02093362700769296,0.00016782457021980826,-0.02328971752423112,0.00019697052744666488,0.03490428973008719,0.0003273479252815021,-0.021090017658780023,0.0004076215967018153
45+,0.01991585584342095,9.812240410250613e-05,-0.030027302679147008,0.00033251949652196003,0.021537865619930582,0.0001596665603394518,-0.04504968010041543,0.0005927685710061484,0.016390603029749467,9.565632054030486e-05,-0.0282719169488466,0.0002828372435119203,0.038322405787272834,0.00033989797876416285,-0.0246057019997646,0.0001911078862344214
